{"source":"Subway-Builder-Modded/registry@main","generatedAt":"2026-05-05T23:40:30.587Z","mapCount":165,"cachedCount":165,"boundsByMap":{"akron-oh":[-82.007714448828,40.746218831580954,-81.18933291783861,41.348763475276435],"albany":[-74.23740393821532,42.5062181652618,-73.55392046178463,43.12674921623177],"amsterdam":[4.610288395877789,52.206832386348204,5.248805854122191,52.52159451365181],"anchorage-ak":[-150.0908295145975,61.052698282070416,-149.03862468904137,61.64624972212865],"baltimore-dc-corridor":[-77.30494498410737,38.71387695826122,-76.42361102765726,39.44232645287814],"bangkok":[100.32760792633366,13.496689365421922,100.93914577366638,14.162186434578125],"barcelona":[1.5698469181500658,41.198394063840595,2.747956594629221,42.052748409378964],"bari":[16.510722638783502,40.71356146618677,17.374070187959116,41.22617407350979],"berlin-val":[12.979114882686712,52.29108477679438,13.806489617313343,52.767724569568415],"bilbao":[-3.2496770904658847,43.06080885532097,-2.422302355839295,43.4385234080853],"bologna":[11.054778557507035,44.29302199802663,11.774234848486714,44.72469577261444],"bucharest-medium":[25.660312560060937,44.23183676653923,26.433728072864092,44.64552413385255],"buffalo-ny":[-79.06643258669577,42.6845057207998,-78.47288114663753,43.15215230993659],"busan-3":[128.9227155381668,35.053695149078564,129.2284844618327,35.30550485092145],"busan-4":[128.86775631634336,35.05001213998545,129.28144368365602,35.346787860014565],"cairo":[30.796670392677015,29.784570471338508,31.821895607323057,30.29718307866153],"calgary":[-114.40495533094084,50.77014709451988,-113.73945826178463,51.291752905480145],"catania":[14.687724384842733,37.28149821743986,15.236309806714738,37.82109043567462],"charleston-huntington-wv":[-82.806799289161,38.16813871452473,-81.3768799108389,38.59081928547529],"charleston-sc":[-80.25961785911737,32.63212480725024,-79.72002564088261,33.09077819274979],"ciudad-de-mexico":[-99.42958091978151,19.16913838734042,-98.83602947972328,19.852621863771116],"ciudad-juarez-el-paso":[-106.68630871275461,31.493505639064015,-106.12873008724536,32.042091060936016],"colorado-ski-country":[-107.39508433280795,39.08991335538312,-105.74932806719194,40.54681234461697],"daegu-3":[128.44401893634821,35.745495149078565,128.75878106365133,35.99730485092145],"daegu-4":[128.39005971452474,35.70052913089234,128.81274028547463,36.04227086910769],"daejeon-3":[127.2271189363482,36.224495149078564,127.54188106365181,36.47630485092145],"daejeon-4":[127.17315971452473,36.18442573271096,127.59584028547529,36.517174267289064],"dayton-oh":[-84.51505822730358,39.42690178724539,-83.88553397269636,39.98448041275464],"daytonatti":[-84.86991959005822,38.93109921721629,-83.6738235063045,40.08222928278378],"dubai":[54.96002315996605,24.7915043636033,55.65249984003399,25.465994636396747],"dublin":[-6.5279967267982535,53.2077174541845,-6.0513569340242634,53.504493174213614],"edmonton":[-113.85273834003395,53.25415389088264,-113.16026165996601,53.7937461091174],"florence":[10.757602373860836,43.61601318728227,11.477058664840515,44.06567336914457],"garda-lake":[9.552802564767763,45.30467531904277,11.144599608560302,45.94319277728724],"genoa":[8.400704414857763,44.22467785390787,9.479888851327281,44.61138561030945],"glasgow-edinburgh":[-4.928497970694297,55.71091091848203,-2.8960339486768505,56.25949634035403],"greater-baltimore":[-76.93695563821532,38.90955075778286,-76.25347216178463,39.503102197841095],"greater-kuala-lumpur":[101.17097348086808,2.6425797113239575,102.00734141913196,3.451968038676056],"greater-los-angeles":[-118.66280751971807,33.39129927308128,-117.54765026869957,34.32659245135486],"greater-newyork":[-74.03284193571365,40.55882366746166,-73.08855555380282,41.20633432934337],"greatertwincities":[-94.35873095145489,44.52655049433883,-92.48814459490772,45.650700948994576],"guadalajara":[-103.60513030235954,20.28059203110146,-103.04755167685029,20.856157063885203],"guangzhou":[112.95837084561754,22.575139341900712,114.03755528208706,23.92411988748761],"gwangju-3":[126.69971553816683,35.033595149078565,127.00548446183319,35.28540485092145],"gwangju-4":[126.64475631634335,34.98862913089234,127.05844368365666,35.33037086910769],"helsinki":[24.506928565598734,60.1144359936227,25.244371263852905,60.393225306377325],"incheon-3":[126.54781893634821,37.33039514907856,126.86258106365182,37.58220485092145],"incheon-4":[126.48936311270612,37.28542913089234,126.92103688729392,37.62717086910769],"ipoh":[100.68004307497576,4.41275239815713,101.17466927502429,4.916371801842855],"jacksonville":[-81.98598998113606,29.75179071086324,-81.24854728288189,30.687083889136822],"jeju-3":[126.34541553816683,33.392307769083416,126.6511844618332,33.5451922309166],"jeju-4":[126.29145631634336,33.326981556353054,126.70514368365667,33.551811647284204],"jeju-f":[126.17802185451019,33.21462913089234,126.89747814548987,33.55637086910769],"jelegend-tokyo":[138.9200994871969,35.1422363835839,140.46693051280076,36.21242761641617],"jerusalem":[34.951589920062574,31.694521175536504,35.33829767646415,31.937337673742146],"johor-bahru":[103.40327472541223,1.3398698163433562,104.23964266367611,1.7535571836566408],"knoxville":[-84.35737378605678,35.70443208819284,-83.50301944051841,36.1271126591434],"los-angeles-county":[-118.66370780232268,33.69581947997091,-117.97123112225474,34.32534373457813],"louisville":[-86.32264864551406,37.79919306995635,-85.10856615448586,38.689520230043705],"madrid":[-4.252443020929752,40.12287469242351,-3.236211009921018,40.869310594314925],"memphis":[-90.25189308940709,34.863185582169805,-89.64035524207436,35.36680498585558],"mfn-hamptonroads":[-76.86698893470539,36.59210128455964,-75.92270255279456,37.3475303900883],"mfn-hong-kong":[113.89236005670077,22.198818287146963,114.34202023856307,22.549553228999557],"mfn-lasvegas":[-115.43014534185257,35.881624553613,-114.72867545814738,36.35826434638704],"mfn-madisonwi":[-89.82642838857299,42.611647556328805,-88.80120317392695,43.32211064367124],"mfn-northwestar":[-94.83287681178449,35.72005581813773,-93.29503898981542,36.61937618186233],"mfn-rdu":[-79.16129660058401,35.662749966343355,-78.45982671687882,36.08543053729392],"milan":[8.676106410108405,45.33718688975721,9.49448794109779,45.87677910799197],"monterrey":[-100.63902045546725,25.167997517010082,-99.80265251720337,25.986379047999467],"montreal":[-74.32218202369059,45.261687872696406,-73.21601797630933,45.891212127303625],"naples":[13.857519989350513,40.54143747638058,14.585969483967437,41.09901610188983],"nashville":[-87.02551637191878,35.733344961784674,-86.25210085911563,36.41682843821537],"oklahoma-city":[-97.67669438706332,35.32510799553754,-97.32595944521073,35.58591090101768],"orange-county":[-118.1143421358414,33.39749827860075,-117.55676351033215,33.946083700472755],"orlando":[-81.69864056457322,28.296841940314327,-81.13206873542673,28.82744095491184],"ottawa":[-76.38795823642096,44.92766845632881,-75.20984855994173,45.63813154367124],"palermo":[12.910413527923406,37.78803370162735,13.81872709528525,38.714333676263685],"pianura-emiliana":[9.954753526326861,44.47011563884201,11.36668649737448,45.00970785707677],"pianura-veneta":[11.683461222295037,45.112573458074195,12.95150293514672,45.939948192700825],"piedmont-triad":[-80.45310604187682,35.75276239815713,-79.2570099581231,36.256381801842906],"providence":[-71.5462256942962,41.64600841697914,-71.24944997426708,41.92479772973377],"puebla":[-98.59826338359414,18.82446290882838,-97.63599059440882,19.49895318162183],"puerto-rico":[-67.94552065903729,17.888173584276558,-65.58930130607884,18.526691042521023],"pulau-pinang":[100.21716864316197,5.138077412245393,100.62186280683804,5.695656037754589],"pyongyang-nk":[125.64580179044617,38.96645634226479,125.82566586319109,39.137327211372465],"quebec-city":[-71.6090451363967,46.55096651088749,-70.93455486360325,47.009619896387036],"richmond":[-77.76410902730359,37.13120585360908,-77.13458477269637,37.7607301082163],